{
    "code": 0,
    "list": [{
            "name": "《奇迹男孩》",
            "img": "./imgs/book7.jpg",
            "des": "《奇迹男孩》：连续120周蝉联《纽约时报》童书排行榜榜首，同名电影1月19日全国上映！人看外貌，天看心。本书讲述了一个面目丑陋、内心善良的奇迹男孩的励志故事。这是一段充满勇气、爱与希望的成长旅程，是一个十岁男孩破茧成蝶的不凡故事……这不仅是一个孩子经历的人生磨难，也是所有父母都会经受的心理历程。",
            "author": "R.J. 帕拉西奥",
            "time": "2018-1",
            "href": "#"
        },
        {
            "name": "《创新公司》",
            "img": "./imgs/book8.jpg",
            "des": "皮克斯的总裁埃德·卡特穆尔，是一个能够与乔布斯这样性格苛刻古怪的人共事，且得到了乔布斯对其的赞扬和认可的人。乔布斯称他“极为明智”、“极具自知之明”，拥有“抚慰人心的力量”的人。这位创始人在自己的书中写道：我花了将近40年的时间，思考如何为有才能有抱负的人才搭建合作的桥梁。作为管理者，我的任务就是提供一片沃土，悉心保养土质，同时注意提防有害因素的侵扰。我坚信，虽然每个人的创意形式各不相同，但每个人都有创造的潜能，有机会潜发这种潜能。然而更吸引我注意的却是那些潜伏在每家蓬勃发展的企业中的，往往隐藏在暗处的，阻碍我们前进的绊脚石。",
            "author": "[美]艾德·卡特姆 / 埃米·华莱士",
            "time": "2015-2",
            "href": "#"
        },
        {
            "name": "《艺术的力量》",
            "img": "./imgs/book9.jpg",
            "des": "《艺术的力量》揭开西方艺术史的光辉一页，深入了解艺术家的故事，感受艺术中独特而又震撼的力量。BBC年度巨献《艺术的力量》(Simon Schama's Power of Art)荣获“国际艾美奖艺术节目”、“英国电影电视艺术学院奖*摄影”(纪录片类)等多项国际大奖。同时出版了《艺术的力量》图书。该系列结合了戏剧化的重塑、壮观的摄影技术以及西蒙·沙玛独特而富有个性化的叙事，将带领观众回到八件伟大的艺术品诞生的重要历史时刻，重现伦勃朗、凡高、毕加索等八位著名艺术大师的创作历程。",
            "author": "西蒙·沙玛",
            "time": "2015-2",
            "href": "#"
        }
    ]
}