{
    "code": 0,
    "list": [{
        "name": "《领导梯队》",
        "img": "./imgs/book5.jpg",
        "des": "领导梯队是一种领导力发展阶段的理论学说，类似于发展心理学中各家对人的发展进行阶段划分。但两者也有明显的区别，尽管《领导梯队》中明确了成为一个卓越的领导者需要经历哪些阶段，但这些阶段与年龄的相关性并没有个体发展阶段那么密切，如果能够快速转变自己的观念，短时间内接受更多的历练，70后，甚至80后成为首席执行官都有可能，因此《领导梯队》它的实操性和指导意义更强。",
        "author": "拉姆•查兰",
        "time": "2011-7",
        "href": "#"
    }]
}