{
    "code": 0,
    "list": [{
        "name": "《简爱》",
        "img": "./imgs/book1.jpg",
        "des": "《简·爱》是一部带有自传色彩的长篇小说，它阐释了这样一个主题：人的价值＝尊严＋爱。《简·爱》中的简爱人生追求有两个基本旋律：富有激情、幻想和反抗、坚持不懈的精神；对人间自由幸福的渴望和对更高精神境界的追求。这本小说的主题是通过对孤女坎坷不平的人生经历，成功地塑造了一个不安于现状、不甘受辱、敢于抗争的女性形象，反映一个平凡心灵的坦诚倾诉的呼号和责难，一个小写的人成为一个大写的人的渴望。",
        "author": "夏洛蒂.勃朗",
        "time": "19世纪英国",
        "href": "#"
    }]
}