{
    "code": 0,
    "list": [{
        "name": "《奇迹男孩》",
        "img": "./imgs/book7.jpg",
        "des": "《奇迹男孩》：连续120周蝉联《纽约时报》童书排行榜榜首，同名电影1月19日全国上映！人看外貌，天看心。本书讲述了一个面目丑陋、内心善良的奇迹男孩的励志故事。这是一段充满勇气、爱与希望的成长旅程，是一个十岁男孩破茧成蝶的不凡故事……这不仅是一个孩子经历的人生磨难，也是所有父母都会经受的心理历程。",
        "author": "R.J. 帕拉西奥",
        "time": "2018-1",
        "href": "#"
    }]
}