{
    "code": 0,
    "list": [{
        "name": "《人类简史》",
        "img": "./imgs/book2.jpg",
        "des": "《人类简史》是2014年11月中信出版社出版发行的图书，作者是[以色列]尤瓦尔·赫拉利。 该书在2012年以希伯来文出版，然后很快就被翻译成近30种文字，不仅为全球学术界所瞩目，而且引起了一般公众的广泛兴趣。",
        "author": "尤瓦尔·赫拉利",
        "time": "2014-11",
        "href": "#"
    }]
}