{
    "code": 0,
    "list": [{
        "name": "《艺术的力量》",
        "img": "./imgs/book9.jpg",
        "des": "《艺术的力量》揭开西方艺术史的光辉一页，深入了解艺术家的故事，感受艺术中独特而又震撼的力量。BBC年度巨献《艺术的力量》(Simon Schama's Power of Art)荣获“国际艾美奖艺术节目”、“英国电影电视艺术学院奖*摄影”(纪录片类)等多项国际大奖。同时出版了《艺术的力量》图书。该系列结合了戏剧化的重塑、壮观的摄影技术以及西蒙·沙玛独特而富有个性化的叙事，将带领观众回到八件伟大的艺术品诞生的重要历史时刻，重现伦勃朗、凡高、毕加索等八位著名艺术大师的创作历程。",
        "author": "西蒙·沙玛",
        "time": "2015-2",
        "href": "#"
    }]
}