{
    "code": 0,
    "list": [{
        "name": "《巴菲特致股东的信》",
        "img": "./imgs/book4.jpg",
        "des": "股票这些都仅仅是工具而已，需要剥离掉附着在它们上边的光环。投资的高手，很大程度上不是在炒股，也不是在投资，而是在做资产配置。买入股权，就是买生意，买生意的投资是*聪明的投资、*智慧的投资。利用市场，市场有时候疯狂傻痴，投资者不能跟着一块儿疯傻；注重安全边际，投资的时候，说话办事要留有余地。注重能力圈，了解自己的能力有多少，能力之外的地方不可涉及。价值投资的理念，只需要五分钟，你懂就懂了，不懂就永远不懂。这就是伯克希尔投资理论的核心，是巴菲特与查理·芒格的投资方法论。",
        "author": "巴菲特",
        "time": "2007-02-01",
        "href": "#"
    }]
}