{
    "code": 0,
    "list": [{
        "name": "《尼采,在世纪的转折点上》",
        "img": "./imgs/book3.jpg",
        "des": "作为20世纪走红的哲学家，尼采是一个大学教授，一个诗人，一个哲学家，一个孤独的漂泊者。他杀死了“上帝”，但他不是传说中的那个恶魔。他是一个真实的人。他的癫狂和孤独之下，是面对人生难题的无比真诚——在传统价值全面崩溃的时代，人如何重新确立生活的意义？",
        "author": "周国平",
        "time": "2019-05-01",
        "href": "#"
    }]
}