{
    "code": 0,
    "list": [{
        "name": "《果壳中的宇宙》",
        "img": "./imgs/book6.jpg",
        "des": "《果壳中的宇宙》(《the Universe in a Nutshell》)是2002年由吴忠超翻译，湖南科学技术出版社出版的图书，原作者史蒂芬·霍金。该图书曾获得安万特科学图书奖。该书围绕主题是宇宙学，涉及广义相对论、量子论、黑洞、暴胀、时间旅行、弦论、超引力等诸多前沿概念。",
        "author": "史蒂芬·霍金",
        "time": "2002-2-1",
        "href": "#"
    }]
}