{
    "code": 0,
    "list": [{
        "name": "《创新公司》",
        "img": "./imgs/book8.jpg",
        "des": "皮克斯的总裁埃德·卡特穆尔，是一个能够与乔布斯这样性格苛刻古怪的人共事，且得到了乔布斯对其的赞扬和认可的人。乔布斯称他“极为明智”、“极具自知之明”，拥有“抚慰人心的力量”的人。这位创始人在自己的书中写道：我花了将近40年的时间，思考如何为有才能有抱负的人才搭建合作的桥梁。作为管理者，我的任务就是提供一片沃土，悉心保养土质，同时注意提防有害因素的侵扰。我坚信，虽然每个人的创意形式各不相同，但每个人都有创造的潜能，有机会潜发这种潜能。然而更吸引我注意的却是那些潜伏在每家蓬勃发展的企业中的，往往隐藏在暗处的，阻碍我们前进的绊脚石。",
        "author": "[美]艾德·卡特姆 / 埃米·华莱士",
        "time": "2015-2",
        "href": "#"
    }]
}