{
    "code": 0,
    "list": [{
            "name": "《果壳中的宇宙》",
            "img": "./imgs/book6.jpg",
            "des": "《果壳中的宇宙》(《the Universe in a Nutshell》)是2002年由吴忠超翻译，湖南科学技术出版社出版的图书，原作者史蒂芬·霍金。该图书曾获得安万特科学图书奖。该书围绕主题是宇宙学，涉及广义相对论、量子论、黑洞、暴胀、时间旅行、弦论、超引力等诸多前沿概念。",
            "author": "史蒂芬·霍金",
            "time": "2002-2-1",
            "href": "#"
        }, {
            "name": "《尼采,在世纪的转折点上》",
            "img": "./imgs/book3.jpg",
            "des": "作为20世纪走红的哲学家，尼采是一个大学教授，一个诗人，一个哲学家，一个孤独的漂泊者。他杀死了“上帝”，但他不是传说中的那个恶魔。他是一个真实的人。他的癫狂和孤独之下，是面对人生难题的无比真诚——在传统价值全面崩溃的时代，人如何重新确立生活的意义？",
            "author": "周国平",
            "time": "2019-05-01",
            "href": "#"
        },
        {
            "name": "《巴菲特致股东的信》",
            "img": "./imgs/book4.jpg",
            "des": "股票这些都仅仅是工具而已，需要剥离掉附着在它们上边的光环。投资的高手，很大程度上不是在炒股，也不是在投资，而是在做资产配置。买入股权，就是买生意，买生意的投资是*聪明的投资、*智慧的投资。利用市场，市场有时候疯狂傻痴，投资者不能跟着一块儿疯傻；注重安全边际，投资的时候，说话办事要留有余地。注重能力圈，了解自己的能力有多少，能力之外的地方不可涉及。价值投资的理念，只需要五分钟，你懂就懂了，不懂就永远不懂。这就是伯克希尔投资理论的核心，是巴菲特与查理·芒格的投资方法论。",
            "author": "巴菲特",
            "time": "2007-02-01",
            "href": "#"
        },
        {
            "name": "《领导梯队》",
            "img": "./imgs/book5.jpg",
            "des": "领导梯队是一种领导力发展阶段的理论学说，类似于发展心理学中各家对人的发展进行阶段划分。但两者也有明显的区别，尽管《领导梯队》中明确了成为一个卓越的领导者需要经历哪些阶段，但这些阶段与年龄的相关性并没有个体发展阶段那么密切，如果能够快速转变自己的观念，短时间内接受更多的历练，70后，甚至80后成为首席执行官都有可能，因此《领导梯队》它的实操性和指导意义更强。",
            "author": "拉姆•查兰",
            "time": "2011-7",
            "href": "#"
        }
    ]
}