{
    "code": 0,
    "list": [{
            "name": "《鉴真东渡图》2",
            "img": "./imgs/book16.jpg",
            "des": "观众对我们的认可，我非常欣慰，但同时这也是这种遗憾，成为品质的代名观众对我们的认可。",
            "author": "鉴真",
            "time": "唐代",
            "href": "#"
        },
        {
            "name": "《鉴真东渡图》2",
            "img": "./imgs/book16.jpg",
            "des": "观众对我们的认可，我非常欣慰，但同时这也是这种遗憾，成为品质的代名观众对我们的认可。",
            "author": "鉴真",
            "time": "唐代",
            "href": "#"
        }
    ]
}